,duration_ms,explicit,popularity,danceability,energy,key,loudness,mode,speechiness,acousticness,instrumentalness,liveness,valence,tempo,time_signature,rating
0,322800,True,67,0.704,0.792,2,-4.831,1,0.198,0.00981,0.0,0.365,0.646,118.022,4,1.0
1,212653,True,70,0.546,0.651,1,-7.601,1,0.3,0.000739,0.0,0.235,0.646,77.878,4,1.0
2,275520,True,58,0.681,0.88,9,-3.895,1,0.227,0.0567,0.0,0.0893,0.38,124.885,4,1.0
3,181107,False,78,0.795,0.63,10,-7.217,0,0.0841,0.0419,0.575,0.0894,0.785,108.701,4,1.5
4,213885,True,71,0.929,0.563,9,-7.428,1,0.49,0.000592,0.0,0.244,0.353,129.957,4,1.5
5,106160,True,51,0.894,0.529,11,-10.461,1,0.399,0.0242,0.0,0.13,0.7,144.959,4,1.5
6,350120,True,69,0.487,0.729,2,-6.815,1,0.271,0.0538,4.07e-06,0.44,0.217,91.048,4,1.5
7,104219,False,52,0.714,0.417,2,-11.085,0,0.0426,0.209,0.0,0.105,0.213,144.064,3,1.5
8,203173,False,62,0.594,0.712,0,-6.057,1,0.039,0.0833,0.000874,0.0548,0.806,120.881,4,5.0
9,180267,False,0,0.807,0.487,9,-10.456,1,0.0758,0.0102,1.98e-06,0.0501,0.651,148.491,4,5.0
10,238400,True,49,0.435,0.846,7,-3.458,1,0.263,0.148,0.0,0.306,0.57,100.771,4,5.0
11,188400,False,66,0.661,0.342,9,-16.361,0,0.043,0.844,0.000128,0.26,0.588,146.118,4,5.0
12,723573,True,63,0.654,0.753,11,-7.556,0,0.395,0.303,8.08e-05,0.13,0.371,110.722,5,5.0
13,254293,False,82,0.486,0.449,5,-10.298,1,0.0267,0.166,2.23e-06,0.54,0.549,100.456,4,5.0
14,135920,True,91,0.724,0.573,7,-4.113,1,0.0549,0.118,0.0,0.538,0.438,113.088,4,5.0
15,110070,False,67,0.843,0.564,0,-8.673,1,0.21,0.0874,0.0,0.104,0.618,142.086,4,5.0
16,267867,False,89,0.545,0.675,6,-6.474,1,0.0279,0.00617,0.00197,0.209,0.162,124.97,4,5.0
17,225373,False,81,0.762,0.661,1,-6.075,0,0.0687,0.15,0.0,0.256,0.769,130.009,4,5.0
18,152607,False,49,0.342,0.0968,0,-13.633,1,0.0357,0.95,0.00513,0.119,0.103,97.032,1,5.0
19,149707,False,70,0.492,0.116,2,-15.15,0,0.0379,0.899,1.93e-06,0.0889,0.434,111.787,4,5.0
20,98040,False,74,0.476,0.192,9,-15.753,1,0.064,0.976,0.928,0.119,0.114,116.542,3,5.0
21,459467,False,63,0.408,0.27,7,-11.568,1,0.0438,0.661,0.829,0.516,0.14,127.15,4,5.0
22,237507,True,91,0.639,0.628,6,-7.578,0,0.0399,0.0381,0.0,0.386,0.43,90.482,4,5.0
23,243440,True,88,0.542,0.466,0,-8.665,1,0.0831,0.141,0.000445,0.125,0.124,191.385,4,5.0
24,212954,False,94,0.508,0.43,2,-9.475,0,0.0335,0.83,0.000441,0.093,0.324,130.09,4,5.0
25,217440,False,76,0.684,0.619,10,-7.005,1,0.0386,0.0716,0.0,0.122,0.284,125.046,4,5.0
26,290333,False,70,0.697,0.669,6,-12.723,0,0.0406,0.0404,0.00897,0.0654,0.486,108.506,4,5.0
27,210440,False,0,0.312,0.0674,8,-15.749,1,0.0368,0.989,0.0253,0.275,0.174,89.927,4,5.0
28,258835,False,74,0.619,0.22,0,-13.843,1,0.0672,0.782,1.19e-05,0.124,0.426,75.143,4,5.0
29,148571,False,77,0.712,0.861,5,-5.487,0,0.25,0.0182,6.09e-06,0.511,0.388,84.042,4,5.0
30,299613,True,82,0.531,0.803,1,-3.284,1,0.0717,0.0796,1.71e-05,0.176,0.221,142.113,4,5.0
31,209160,False,78,0.733,0.65,5,-3.539,1,0.0315,0.0703,6.59e-05,0.0829,0.348,110.003,4,5.0
32,215080,False,68,0.694,0.831,9,-7.288,1,0.0301,0.165,0.000892,0.25,0.98,125.901,4,5.0
33,326933,True,86,0.745,0.353,1,-10.614,1,0.0983,0.174,0.00662,0.118,0.598,160.111,4,5.0
34,156091,False,76,0.319,0.236,5,-9.644,1,0.0318,0.898,1.62e-05,0.272,0.254,162.351,4,5.0
35,209483,False,84,0.62,0.761,10,-7.282,0,0.175,0.207,0.000147,0.269,0.194,146.003,4,5.0
36,215320,True,86,0.669,0.419,1,-6.724,0,0.522,0.376,0.0,0.187,0.0397,109.813,4,5.0
37,229147,True,87,0.367,0.665,1,-2.821,1,0.0465,0.145,0.0,0.113,0.31,148.913,4,5.0
38,177667,False,77,0.815,0.518,7,-6.594,0,0.0897,0.223,0.0,0.104,0.877,151.891,4,5.0
39,300160,True,64,0.779,0.572,6,-9.985,0,0.378,0.157,0.0,0.246,0.647,135.956,4,5.0
40,286493,False,78,0.642,0.396,6,-16.843,1,0.0642,0.462,0.000823,0.106,0.797,84.082,4,5.0
41,230379,True,60,0.392,0.472,8,-10.745,0,0.0874,0.111,2.77e-06,0.103,0.349,199.496,1,5.0
42,723573,True,58,0.654,0.753,11,-7.556,0,0.395,0.303,8.08e-05,0.13,0.371,110.722,5,5.0
43,351947,True,83,0.435,0.76,8,-4.935,0,0.0721,0.0175,0.0,0.158,0.206,80.082,4,5.0
44,233400,True,50,0.672,0.814,7,-3.768,1,0.27,0.258,0.0,0.164,0.379,97.043,4,5.0
45,162797,False,78,0.555,0.27,2,-15.892,1,0.0888,0.931,0.544,0.103,0.271,139.681,3,5.0
46,301587,True,72,0.395,0.392,1,-8.034,1,0.0925,0.219,0.00173,0.134,0.103,155.856,4,5.0
47,251333,False,76,0.723,0.47,6,-11.302,0,0.028,0.633,0.0373,0.0968,0.783,97.107,4,5.0
48,125093,False,87,0.527,0.415,4,-11.451,0,0.122,0.457,1.72e-05,0.117,0.515,78.169,4,5.0
49,202067,False,86,0.652,0.698,10,-4.667,0,0.042,0.00112,0.000115,0.0886,0.47,96.021,4,5.0
50,203240,False,74,0.575,0.764,4,-7.448,1,0.0746,0.566,1.07e-05,0.0692,0.536,123.821,4,5.0
51,145006,False,41,0.424,0.0426,2,-23.03,0,0.0403,0.986,0.897,0.11,0.154,114.217,4,5.0
52,189907,False,47,0.644,0.487,6,-9.654,1,0.034,0.0287,0.0166,0.206,0.467,125.528,4,5.0
53,187733,False,63,0.371,0.278,7,-8.596,0,0.0303,0.981,0.0,0.272,0.338,82.331,4,5.0
54,261291,False,62,0.642,0.527,2,-9.444,1,0.0534,0.808,4.28e-05,0.154,0.566,133.062,4,5.0
55,339000,False,79,0.331,0.55,0,-6.483,1,0.0272,0.605,3.96e-06,0.192,0.429,177.734,3,5.0
56,241307,False,83,0.527,0.942,1,-5.64,0,0.0366,0.0115,0.0,0.188,0.495,148.723,4,5.0
57,250987,False,61,0.5,0.748,4,-9.072,1,0.0363,0.127,0.0,0.447,0.514,118.852,4,5.0
58,214827,False,0,0.697,0.809,9,-8.197,1,0.0302,0.114,0.000521,0.183,0.98,125.941,4,5.0
59,242373,False,55,0.486,0.617,5,-7.115,0,0.0287,0.0954,3.23e-06,0.109,0.417,138.015,4,5.0
60,237547,False,0,0.445,0.59,9,-6.747,1,0.0258,0.0575,1.08e-05,0.0832,0.334,172.016,4,5.0
61,175890,True,81,0.735,0.449,2,-9.933,0,0.383,0.859,0.0,0.213,0.514,146.016,4,5.0
62,178453,False,67,0.846,0.42,11,-8.659,0,0.104,0.296,0.00134,0.09,0.621,139.883,4,5.0
63,225280,False,90,0.573,0.902,6,-7.638,0,0.054,0.018,0.00125,0.0928,0.876,84.412,4,5.0
64,203573,False,80,0.529,0.127,11,-16.066,1,0.0274,0.611,0.000109,0.237,0.578,63.05,4,5.0
65,237300,False,87,0.765,0.473,10,-5.829,1,0.0514,0.287,0.0,0.391,0.34,119.992,4,5.0
66,160853,False,88,0.303,0.187,2,-16.757,1,0.0356,0.989,0.489,0.101,0.213,132.731,4,5.0
67,153170,False,5,0.733,0.347,3,-12.445,1,0.0349,0.917,0.139,0.429,0.216,115.931,4,5.0
68,138658,True,57,0.664,0.11,8,-21.273,1,0.0363,0.763,0.813,0.0913,0.281,100.062,4,5.0
69,202627,False,70,0.758,0.871,2,-6.408,1,0.147,0.0062,0.0,0.0663,0.753,126.994,4,5.0
70,292613,False,84,0.749,0.491,10,-9.655,1,0.0403,0.02,0.00899,0.159,0.536,119.528,4,5.0
71,293120,False,73,0.149,0.206,3,-13.888,1,0.0323,0.822,0.000649,0.115,0.264,79.764,4,5.0
72,166933,False,61,0.658,0.468,2,-13.19,1,0.0493,0.521,8.38e-05,0.066,0.684,124.227,4,5.0
73,175333,False,37,0.701,0.477,2,-15.382,1,0.0336,0.202,8.23e-05,0.12,0.964,122.202,4,5.0
74,151667,False,88,0.663,0.6,7,-10.87,1,0.032,0.43,0.0,0.184,0.8,129.991,4,5.0
75,152280,False,73,0.275,0.157,7,-18.752,1,0.0636,0.89,0.842,0.186,0.304,73.289,4,5.0
76,287560,True,68,0.498,0.742,11,-6.248,0,0.259,0.214,0.0,0.0642,0.302,78.428,4,2.5
77,204307,True,67,0.48,0.624,1,-6.131,1,0.382,0.0451,0.0,0.337,0.704,165.057,4,2.5
78,126043,True,68,0.773,0.605,0,-4.223,0,0.0579,0.174,0.0,0.329,0.425,128.16,4,2.5
79,299867,False,80,0.206,0.965,1,-5.116,1,0.079,9.91e-06,0.827,0.367,0.168,92.615,4,2.5
80,271773,True,65,0.539,0.731,3,-5.085,0,0.453,0.112,1.19e-06,0.129,0.568,81.114,4,2.5
81,333462,False,57,0.325,0.311,10,-7.481,1,0.0442,0.289,6.74e-05,0.11,0.0789,92.744,3,2.5
82,147669,False,60,0.752,0.69,7,-3.948,1,0.0642,0.27,0.0,0.303,0.396,148.07,4,2.5
83,239880,True,70,0.595,0.754,11,-5.827,0,0.181,0.0142,0.0,0.247,0.647,83.155,4,2.0
84,175828,True,71,0.611,0.714,9,-4.696,0,0.856,0.184,0.0,0.145,0.628,196.043,4,2.0
85,107992,True,43,0.815,0.586,7,-10.433,1,0.1,0.0248,0.0,0.115,0.227,125.069,4,2.0
86,133013,True,61,0.956,0.517,1,-5.522,1,0.0648,0.00906,0.0,0.113,0.162,130.004,4,2.0
87,156480,True,72,0.605,0.469,9,-3.182,0,0.327,0.487,0.0,0.28,0.515,101.601,4,2.0
88,367569,True,49,0.283,0.946,0,-3.05,1,0.0787,0.158,2.93e-05,0.0871,0.279,132.359,4,0.5
89,174747,False,42,0.0935,0.989,0,-3.154,1,0.158,4.05e-06,0.807,0.147,0.108,175.469,5,0.5
90,145785,True,76,0.741,0.488,8,-5.308,1,0.0556,0.0703,9.1e-06,0.0821,0.186,120.839,4,3.0
91,313227,True,66,0.661,0.442,10,-7.297,0,0.0285,0.0697,1.15e-05,0.136,0.299,82.758,3,3.0
92,212707,True,69,0.423,0.643,6,-7.261,1,0.287,0.0455,0.0,0.172,0.708,84.336,4,3.0
93,175954,True,43,0.825,0.572,6,-6.067,0,0.0864,0.0079,0.0,0.113,0.568,141.991,4,3.0
94,149760,True,65,0.743,0.616,1,-6.285,1,0.181,0.0635,0.0,0.111,0.4,150.859,4,3.0
95,138427,True,78,0.884,0.445,1,-10.58,0,0.418,0.222,0.0,0.112,0.851,125.008,4,3.0
96,159961,False,59,0.783,0.758,10,-7.319,0,0.0646,0.0145,0.0,0.0956,0.823,112.025,4,3.0
97,442581,False,39,0.306,0.701,7,-9.914,0,0.0647,0.000398,0.592,0.197,0.555,92.646,3,3.0
98,305360,False,55,0.226,0.699,1,-6.327,0,0.065,0.403,5.65e-05,0.0797,0.228,145.852,4,3.0
99,404333,False,27,0.302,0.736,8,-6.345,0,0.0492,0.359,0.0401,0.176,0.621,93.053,4,3.0
100,387213,False,73,0.251,0.848,5,-6.501,1,0.0579,0.0377,0.00591,0.0545,0.207,163.709,4,3.0
101,231333,True,47,0.794,0.448,10,-4.771,0,0.0539,0.591,0.0,0.109,0.588,120.055,4,3.0
102,285907,False,75,0.656,0.914,4,-7.471,0,0.0394,0.000943,0.0628,0.159,0.576,113.259,4,3.0
103,204447,True,77,0.588,0.88,9,-6.117,0,0.0747,0.0976,0.000167,0.767,0.242,96.003,3,3.0
104,214027,False,1,0.537,0.7,4,-6.852,0,0.0366,0.142,1.58e-06,0.383,0.695,117.111,4,3.0
105,130893,True,62,0.526,0.896,8,-4.708,1,0.197,0.588,0.0,0.37,0.745,129.313,1,3.0
106,268493,True,65,0.406,0.798,11,-5.585,0,0.432,0.26,0.0,0.461,0.58,71.547,4,3.0
107,276160,False,79,0.771,0.68,11,-5.881,0,0.224,0.277,1.18e-05,0.682,0.808,119.952,4,3.0
108,212653,True,61,0.546,0.651,1,-7.601,1,0.3,0.000739,0.0,0.235,0.646,77.878,4,3.0
109,193189,True,1,0.467,0.495,1,-8.821,1,0.0765,0.0206,4.94e-06,0.391,0.296,110.029,4,3.0
110,183297,False,62,0.67,0.675,6,-4.624,0,0.179,0.0581,0.0,0.433,0.263,90.948,4,3.0
111,145785,True,84,0.742,0.488,8,-5.308,1,0.0551,0.0704,9.4e-06,0.0821,0.186,120.811,4,3.0
112,182635,False,56,0.753,0.767,7,-3.773,1,0.0731,0.309,0.0,0.279,0.258,148.13,4,3.0
113,204866,True,56,0.59,0.916,10,-4.541,0,0.323,0.195,0.0,0.153,0.548,92.457,4,3.0
114,202785,True,69,0.53,0.843,1,-2.271,1,0.39,0.428,0.0,0.164,0.919,199.946,4,3.0
115,245867,False,80,0.729,0.675,8,-6.003,1,0.0312,0.175,1.58e-06,0.55,0.779,119.968,4,4.5
116,247067,True,78,0.866,0.454,0,-9.383,1,0.0414,0.0373,1.49e-06,0.275,0.368,99.985,4,4.5
117,183624,False,80,0.45,0.329,9,-12.603,0,0.0441,0.818,0.00109,0.135,0.266,71.884,3,4.5
118,233456,False,84,0.44,0.317,8,-9.258,1,0.0531,0.891,4.78e-06,0.141,0.268,169.914,3,4.5
119,268320,False,80,0.688,0.853,10,-5.814,1,0.0493,0.386,0.0,0.0862,0.743,103.993,4,4.5
120,256853,False,53,0.776,0.687,9,-8.897,0,0.0292,0.0704,0.0,0.979,0.895,91.646,4,4.5
121,328293,False,69,0.708,0.499,5,-9.644,1,0.0297,0.269,0.57,0.101,0.628,111.652,4,4.5
122,318187,False,76,0.531,0.61,11,-8.025,0,0.0387,0.772,0.756,0.0908,0.199,152.958,4,4.5
123,316053,True,77,0.559,0.733,2,-5.659,0,0.171,0.314,0.0,0.284,0.611,145.115,4,4.5
124,324440,True,66,0.459,0.816,11,-4.872,0,0.403,0.423,0.0,0.169,0.643,80.293,4,4.5
125,227893,True,78,0.631,0.623,8,-6.969,1,0.265,0.463,1.7e-06,0.151,0.765,80.23,4,4.5
126,167600,True,78,0.693,0.504,6,-8.306,1,0.238,0.00299,0.0,0.695,0.723,102.139,4,4.5
127,375387,True,79,0.518,0.492,10,-8.436,0,0.193,0.216,0.0012,0.146,0.471,78.848,4,4.5
128,194713,True,75,0.457,0.846,4,-1.931,0,0.0741,0.72,0.0,0.358,0.747,154.705,4,4.5
129,115238,True,77,0.586,0.572,0,-8.27,0,0.0437,0.271,0.104,0.118,0.29,125.955,4,4.5
130,115238,True,87,0.584,0.567,0,-8.272,0,0.0436,0.258,0.121,0.118,0.266,125.991,4,4.5
131,462920,False,35,0.669,0.127,7,-15.527,0,0.056,0.728,0.0692,0.254,0.359,79.016,3,4.5
132,173520,False,36,0.484,0.312,11,-11.978,0,0.0341,0.994,0.0308,0.251,0.65,90.902,4,4.5
133,408480,False,62,0.475,0.383,1,-14.202,1,0.0375,0.362,0.749,0.0728,0.524,114.709,4,4.5
134,175853,False,67,0.74,0.322,0,-9.26,1,0.0399,0.551,0.000763,0.17,0.629,102.889,4,4.5
135,132000,False,83,0.538,0.0203,4,-23.163,1,0.0437,0.92,0.019,0.104,0.103,121.447,3,4.5
136,229760,False,29,0.606,0.166,0,-11.239,1,0.0445,0.989,0.000221,0.0763,0.293,117.509,3,4.5
137,164307,False,22,0.552,0.0291,10,-24.411,1,0.0355,0.911,4.21e-06,0.0859,0.352,105.844,3,4.5
138,215027,False,49,0.584,0.278,4,-18.566,1,0.0312,0.55,0.21,0.255,0.75,81.712,4,4.5
139,233560,False,68,0.518,0.376,9,-18.248,0,0.0431,0.933,0.86,0.0976,0.744,158.089,4,4.5
140,251489,False,90,0.645,0.795,7,-12.095,1,0.0527,0.347,0.00389,0.104,0.535,112.067,4,4.5
141,1413307,False,54,0.254,0.296,6,-17.92,0,0.0426,0.428,0.574,0.117,0.139,146.95,4,4.5
142,293827,False,84,0.92,0.654,11,-3.051,0,0.0401,0.0236,0.0153,0.036,0.847,117.046,4,4.5
143,379213,False,71,0.479,0.309,11,-14.751,0,0.0299,0.153,0.22,0.134,0.182,127.155,4,4.5
144,298933,False,84,0.629,0.545,10,-13.123,0,0.0546,0.719,0.00308,0.0604,0.194,108.376,4,4.5
145,286467,False,63,0.493,0.175,10,-18.049,0,0.036,0.949,0.777,0.112,0.278,106.903,4,4.5
146,213573,True,81,0.584,0.684,10,-4.314,0,0.567,0.312,9.05e-05,0.112,0.72,210.164,4,4.5
147,126947,False,66,0.72,0.912,4,-6.13,1,0.0363,0.551,0.00122,0.0982,0.973,122.782,4,4.5
148,160907,False,78,0.512,0.771,4,-7.006,1,0.0402,0.168,0.0,0.0895,0.803,129.639,4,4.5
149,163756,False,84,0.769,0.367,2,-11.226,1,0.0312,0.684,1.62e-05,0.081,0.535,103.621,4,4.5
150,260000,True,84,0.798,0.744,7,-5.328,0,0.136,0.33,0.000106,0.292,0.794,82.356,4,4.5
151,308120,False,78,0.333,0.927,9,-8.55,0,0.0733,0.0029,0.000208,0.297,0.385,141.466,4,4.5
152,520787,False,77,0.367,0.452,10,-10.422,1,0.0307,0.0353,0.00228,0.689,0.189,113.066,4,4.5
153,270507,True,84,0.843,0.806,4,-5.946,0,0.269,0.143,0.0,0.0771,0.613,94.948,4,4.5
154,246213,True,86,0.772,0.413,0,-8.193,0,0.089,0.0361,0.0,0.111,0.211,131.965,4,4.5
155,242966,True,83,0.849,0.424,5,-9.579,0,0.324,0.0635,0.0,0.0834,0.153,145.887,4,4.5
156,149577,True,71,0.79,0.832,5,-5.291,0,0.103,0.0996,0.0,0.763,0.623,99.502,4,4.5
157,192200,True,77,0.614,0.953,2,-4.162,1,0.0688,0.119,0.0,0.331,0.593,154.969,4,4.5
158,205458,True,81,0.907,0.393,4,-7.636,0,0.0539,0.451,1.35e-06,0.135,0.202,104.949,4,4.5
159,213333,True,80,0.48,0.602,10,-6.335,0,0.368,0.487,0.0,0.0848,0.269,179.798,4,4.5
160,172672,True,83,0.676,0.536,2,-8.79,1,0.0432,0.403,3.37e-05,0.105,0.373,79.037,4,4.5
161,216738,False,60,0.647,0.65,1,-7.396,1,0.0771,0.171,0.0,0.106,0.377,132.997,4,4.5
162,120111,True,51,0.541,0.62,0,-8.381,1,0.269,0.129,0.0,0.325,0.532,139.513,4,4.5
163,131013,True,83,0.696,0.809,5,-8.254,1,0.05,0.252,0.000128,0.248,0.857,132.962,4,4.5
164,219834,True,74,0.599,0.32,3,-13.716,0,0.0787,0.26,0.0,0.106,0.197,70.998,4,4.5
165,247059,True,71,0.83,0.49,1,-8.82,0,0.209,0.289,3.04e-06,0.113,0.845,81.604,4,4.5
166,119133,True,85,0.872,0.391,0,-9.144,0,0.242,0.469,4.13e-06,0.297,0.437,134.021,4,4.5
167,207307,True,82,0.671,0.658,2,-5.567,1,0.309,0.189,8.66e-05,0.147,0.257,87.933,4,4.5
168,197333,False,74,0.228,0.427,0,-8.739,0,0.0363,0.752,0.0167,0.592,0.192,180.345,4,4.5
169,211000,False,73,0.79,0.647,10,-5.983,0,0.136,0.0515,0.0,0.248,0.654,87.999,4,4.5
170,135529,False,85,0.653,0.474,5,-10.899,0,0.103,0.312,6.65e-06,0.119,0.361,85.024,4,4.5
171,287733,False,79,0.712,0.967,7,-5.206,1,0.047,0.0771,0.0,0.356,0.895,145.024,4,4.5
172,221827,True,64,0.641,0.76,6,-4.442,0,0.179,0.195,0.0,0.0768,0.59,141.82,4,4.5
173,169573,False,83,0.664,0.405,1,-7.413,1,0.08,0.877,0.000765,0.11,0.743,81.89,3,4.5
174,320400,True,78,0.697,0.235,7,-8.651,1,0.0534,0.62,0.000144,0.107,0.378,99.947,4,4.5
175,317293,True,86,0.541,0.674,1,-7.04,0,0.0841,0.00649,9.76e-05,0.235,0.123,103.139,4,4.5
176,298941,True,88,0.809,0.463,11,-11.377,1,0.0396,0.256,0.085,0.109,0.364,111.98,4,4.5
177,173307,False,82,0.516,0.467,0,-6.184,1,0.0302,0.662,0.0,0.0853,0.386,132.861,4,4.5
178,270587,True,85,0.816,0.775,11,-3.323,1,0.234,0.16,0.00031,0.0543,0.527,93.431,4,4.5
179,206360,False,79,0.58,0.498,1,-6.901,1,0.0277,0.198,0.0,0.132,0.111,116.271,4,4.5
180,160427,False,56,0.51,0.709,8,-5.408,1,0.167,0.149,0.0,0.45,0.764,118.353,5,4.5
181,165926,True,81,0.789,0.536,6,-6.862,1,0.242,0.41,0.0,0.129,0.437,81.039,4,4.5
182,241787,False,85,0.554,0.315,3,-11.028,1,0.0298,0.828,5.53e-06,0.101,0.325,128.157,4,4.5
183,210253,True,74,0.417,0.689,2,-8.302,0,0.178,0.575,0.0,0.496,0.505,79.568,4,4.5
184,258693,False,82,0.734,0.58,9,-6.619,0,0.0321,0.238,0.0006,0.0298,0.962,119.336,4,4.5
185,183956,False,96,0.464,0.417,0,-9.345,0,0.0256,0.136,0.022,0.0974,0.479,67.528,4,4.5
186,229938,True,94,0.575,0.56,5,-7.302,1,0.478,0.173,0.0,0.257,0.471,75.956,4,4.5
187,216933,False,86,0.692,0.711,0,-7.498,0,0.0317,0.225,0.0,0.12,0.875,125.135,4,4.5
188,212405,False,54,0.463,0.484,10,-13.259,1,0.0395,0.456,0.0,0.125,0.513,77.521,4,4.5
189,194427,False,78,0.413,0.313,7,-13.138,1,0.0519,0.791,1.5e-06,0.0727,0.349,92.515,4,4.5
190,229627,False,0,0.803,0.373,8,-13.692,1,0.0367,0.868,0.0266,0.104,0.636,124.921,4,4.5
191,168033,True,44,0.489,0.321,2,-10.608,1,0.0314,0.881,0.00226,0.303,0.194,138.243,3,4.5
192,619000,False,45,0.434,0.478,11,-15.478,0,0.0912,0.647,3.92e-06,0.086,0.694,147.06,4,4.5
193,285000,False,73,0.453,0.654,4,-8.855,0,0.0317,0.0205,0.00395,0.172,0.702,115.0,4,4.5
194,124640,False,58,0.596,0.502,7,-6.783,1,0.0277,0.113,0.797,0.264,0.653,107.719,4,4.5
195,204400,False,62,0.507,0.0779,0,-12.099,1,0.0544,0.866,0.00275,0.108,0.326,70.808,4,4.5
196,303373,False,81,0.388,0.338,10,-10.054,1,0.0329,0.652,3.73e-06,0.248,0.478,177.765,4,4.5
197,244587,False,85,0.523,0.769,4,-5.855,1,0.0269,0.04,0.0,0.136,0.876,136.162,4,4.5
198,215760,False,78,0.609,0.759,6,-4.862,1,0.0276,0.028,0.0,0.183,0.774,114.045,4,4.5
199,186627,False,83,0.626,0.488,2,-7.805,1,0.0253,0.0102,0.000188,0.141,0.404,104.13,3,4.5
200,239427,False,68,0.643,0.59,11,-10.843,0,0.0284,0.0806,0.00578,0.174,0.818,126.651,4,4.5
201,219733,False,52,0.487,0.445,7,-8.769,1,0.0464,0.657,0.0115,0.0674,0.412,124.943,4,4.5
202,112960,False,79,0.547,0.287,6,-12.28,1,0.149,0.514,0.774,0.119,0.177,120.792,4,4.5
203,184480,False,76,0.917,0.588,10,-11.047,1,0.0607,0.195,0.0,0.0914,0.828,110.077,4,4.5
204,204533,True,73,0.453,0.538,1,-8.212,1,0.0638,0.449,0.0,0.19,0.516,122.973,4,4.5
205,207068,False,60,0.569,0.422,0,-5.856,1,0.0302,0.0296,0.0,0.0613,0.175,76.96,4,4.5
206,187147,False,89,0.605,0.822,0,-4.833,1,0.0438,0.00671,0.134,0.147,0.288,167.997,4,4.5
207,180480,True,70,0.66,0.867,6,-4.285,0,0.116,0.11,0.0,0.0368,0.377,93.033,4,4.5
208,242253,True,90,0.585,0.564,0,-7.063,0,0.0515,0.0671,0.0,0.135,0.137,113.003,4,4.5
209,162920,False,82,0.611,0.846,11,-5.9,1,0.0436,0.00509,0.0,0.0784,0.751,103.912,4,4.5
210,189486,False,87,0.775,0.327,11,-7.241,1,0.0557,0.841,0.0,0.0821,0.595,91.05,4,4.5
211,295893,False,87,0.671,0.373,9,-18.064,1,0.0323,0.257,8.01e-05,0.0481,0.732,92.718,4,4.5
212,310333,False,80,0.529,0.843,6,-6.908,0,0.0616,0.0628,0.000827,0.0608,0.188,117.662,4,4.5
213,391376,False,87,0.579,0.508,2,-9.484,1,0.027,0.00574,0.000494,0.0575,0.609,147.125,4,4.5
214,239600,False,86,0.733,0.71,5,-5.849,0,0.0292,0.145,0.115,0.0956,0.965,127.975,4,4.5
215,210133,False,71,0.623,0.94,0,-5.731,1,0.0365,0.202,0.00184,0.0472,0.837,131.037,4,4.5
216,218093,False,88,0.778,0.824,10,-5.892,0,0.0707,0.284,0.0,0.405,0.758,100.024,4,4.5
217,270373,False,78,0.683,0.772,7,-7.907,0,0.0311,0.0222,0.0149,0.203,0.737,123.871,4,4.5
218,240440,True,0,0.49,0.725,10,-3.304,1,0.0392,0.123,2.68e-05,0.0983,0.335,123.28,4,4.5
219,257053,False,59,0.596,0.823,1,-4.586,1,0.134,0.0115,0.0,0.0658,0.619,174.056,4,4.5
220,278719,False,87,0.449,0.585,5,-6.761,1,0.0268,0.0509,8.75e-05,0.0833,0.212,139.631,4,4.5
221,201493,False,85,0.722,0.761,11,-4.459,0,0.0475,0.0117,0.0,0.315,0.624,128.044,4,4.5
222,213307,False,0,0.689,0.694,6,-5.83,0,0.027,0.257,0.0,0.148,0.482,99.039,4,4.5
223,196784,False,85,0.57,0.842,4,-5.085,0,0.0381,0.0136,0.00876,0.524,0.47,143.975,4,4.5
224,160000,True,83,0.709,0.548,10,-8.493,1,0.353,0.65,1.59e-06,0.133,0.543,83.995,4,4.5
225,276920,True,86,0.491,0.956,11,-1.538,1,0.392,0.0295,0.0,0.46,0.811,173.585,4,4.5
226,207347,False,72,0.553,0.652,0,-6.685,1,0.206,0.0897,0.0,0.111,0.551,94.505,4,4.5
227,261747,True,64,0.624,0.729,1,-4.747,1,0.198,0.415,0.0,0.135,0.334,87.948,4,4.5
228,177227,True,77,0.36,0.391,6,-10.6,1,0.0528,0.296,0.000406,0.129,0.162,84.281,4,4.5
229,275987,False,87,0.583,0.829,1,-4.603,1,0.134,0.00864,0.0,0.0426,0.575,174.028,4,4.5
230,430000,False,66,0.376,0.373,7,-9.184,0,0.0305,0.827,0.832,0.15,0.111,116.074,4,4.5
231,206693,False,90,0.853,0.56,1,-4.961,1,0.0406,0.013,0.0,0.0944,0.86,134.066,4,4.5
232,230747,False,77,0.649,0.815,3,-3.796,0,0.0415,0.00125,4.31e-05,0.671,0.765,126.03,4,4.5
233,196840,False,71,0.461,0.185,2,-18.087,1,0.0502,0.604,0.0,0.121,0.405,95.509,4,4.5
234,255693,False,65,0.142,0.113,2,-25.362,0,0.0415,0.859,0.838,0.107,0.0697,98.575,1,4.5
235,232147,False,77,0.734,0.809,10,-7.264,0,0.0839,0.0266,0.0,0.0642,0.254,116.024,4,4.5
236,214148,False,78,0.679,0.715,9,-6.383,1,0.0407,0.0755,0.0,0.271,0.571,127.435,4,4.5
237,206167,False,80,0.699,0.529,2,-7.548,1,0.0487,0.0317,3.59e-05,0.285,0.121,119.987,4,4.5
238,199808,False,52,0.625,0.473,5,-9.354,0,0.136,0.259,0.0,0.131,0.249,78.099,4,4.5
239,266773,False,94,0.429,0.661,11,-7.227,1,0.0281,0.00239,0.000121,0.234,0.285,173.372,4,4.5
240,281667,False,0,0.706,0.563,10,-15.564,0,0.0342,0.0704,0.00151,0.152,0.955,103.613,4,4.5
241,286800,False,74,0.723,0.969,6,-4.516,1,0.142,0.0643,0.0,0.115,0.728,126.653,4,4.5
242,230400,False,1,0.543,0.87,9,-6.514,1,0.0428,0.358,0.000939,0.792,0.754,100.804,4,4.5
243,241933,False,0,0.641,0.63,8,-6.393,1,0.0521,0.0372,0.0,0.4,0.415,79.955,4,4.5
244,263373,True,0,0.746,0.922,10,-5.014,1,0.236,0.246,0.0,0.515,0.638,86.961,4,4.5
245,197813,False,0,0.255,0.43,9,-12.564,1,0.0322,0.546,1.87e-05,0.188,0.546,164.267,4,4.5
246,268320,False,64,0.688,0.853,10,-5.814,1,0.0493,0.386,0.0,0.0862,0.743,103.993,4,4.5
247,210627,True,63,0.747,0.716,11,-2.457,0,0.0751,0.135,0.0,0.251,0.751,125.006,4,4.5
248,296080,False,79,0.661,0.908,5,-4.897,1,0.039,0.052,0.0,0.0708,0.656,144.091,4,4.5
249,225400,True,65,0.71,0.597,7,-6.468,1,0.239,0.221,0.0,0.432,0.49,95.769,4,4.5
250,140465,True,64,0.328,0.314,10,-15.512,0,0.162,0.904,0.000485,0.631,0.603,177.386,3,4.5
251,193749,False,82,0.44,0.04,3,-16.887,1,0.0322,0.981,0.465,0.111,0.249,135.965,4,4.5
252,310720,True,69,0.587,0.698,1,-8.948,1,0.0943,0.0152,0.0,0.442,0.0985,133.954,4,4.5
253,386907,True,73,0.716,0.531,7,-7.355,1,0.122,0.0703,0.0,0.224,0.344,71.994,4,4.5
254,339250,False,75,0.546,0.64,8,-5.582,1,0.37,0.0438,0.0,0.137,0.63,137.728,4,4.5
255,179693,False,81,0.274,0.348,5,-8.631,1,0.0293,0.547,0.0133,0.334,0.328,87.43,3,4.5
256,187918,True,46,0.571,0.553,5,-9.249,1,0.0502,0.808,0.0684,0.336,0.333,103.952,4,4.5
257,197898,False,63,0.386,0.534,5,-6.086,0,0.0389,0.129,0.0,0.351,0.343,110.057,4,4.5
258,199440,True,81,0.545,0.528,5,-12.355,1,0.0581,0.784,0.798,0.11,0.546,130.072,4,4.5
259,194713,True,83,0.459,0.847,4,-1.924,0,0.0715,0.721,0.0,0.357,0.763,154.8,4,4.5
260,128313,False,55,0.534,0.491,10,-7.945,1,0.0545,0.849,0.0,0.192,0.428,105.989,5,4.5
261,221250,False,59,0.513,0.644,0,-6.387,1,0.344,0.201,0.00033,0.194,0.087,166.35,4,4.5
262,358622,False,65,0.381,0.528,5,-6.997,1,0.0449,0.102,0.0,0.269,0.256,97.207,4,4.5
263,310394,False,63,0.44,0.465,3,-6.592,1,0.0318,0.689,1.26e-06,0.384,0.241,126.937,4,4.5
264,257147,False,72,0.578,0.6,8,-10.491,1,0.0322,0.0677,0.417,0.0778,0.0392,140.021,4,4.5
265,433200,False,0,0.379,0.279,2,-11.842,0,0.0429,0.651,0.0595,0.0823,0.139,150.761,3,4.5
266,339250,False,0,0.546,0.64,8,-5.582,1,0.37,0.0438,0.0,0.137,0.63,137.728,4,4.5
267,185973,True,66,0.696,0.526,11,-10.504,0,0.171,0.177,0.0,0.192,0.703,88.931,4,4.5
268,320720,True,71,0.559,0.578,8,-9.54,1,0.151,0.79,0.000522,0.324,0.239,79.938,4,4.0
269,153294,False,80,0.316,0.63,5,-5.963,1,0.117,0.471,0.262,0.205,0.313,89.643,1,4.0
270,198058,True,69,0.56,0.707,1,-6.863,0,0.07,0.264,0.000268,0.108,0.341,147.0,4,4.0
271,239253,False,0,0.906,0.63,0,-8.071,1,0.0575,0.000547,0.616,0.0994,0.342,122.458,4,4.0
272,289133,False,0,0.743,0.766,0,-6.375,1,0.0265,0.0873,0.0,0.509,0.61,127.96,4,4.0
273,209027,False,48,0.702,0.573,9,-6.929,0,0.0662,0.764,1.82e-06,0.0671,0.658,98.048,4,4.0
274,272533,False,0,0.835,0.687,5,-3.18,1,0.184,0.101,0.0,0.132,0.828,94.059,4,4.0
275,234653,False,4,0.767,0.854,4,-6.947,1,0.0426,0.465,2.03e-06,0.485,0.963,149.206,4,4.0
276,236333,False,19,0.641,0.752,4,-9.472,1,0.0295,0.325,0.000106,0.168,0.488,105.019,4,4.0
277,295516,False,83,0.54,0.429,2,-11.822,1,0.0285,0.000202,0.355,0.141,0.113,110.171,4,4.0
278,228427,False,73,0.458,0.843,4,-7.201,1,0.0316,0.00135,0.000296,0.778,0.713,105.701,4,4.0
279,343933,False,74,0.286,0.5,1,-14.281,0,0.0357,0.134,4.57e-05,0.108,0.443,99.162,4,4.0
280,174083,True,74,0.485,0.555,11,-8.938,0,0.66,0.132,0.0,0.114,0.617,80.015,4,4.0
281,295472,True,79,0.809,0.788,1,-7.217,1,0.0889,0.00108,0.0,0.0625,0.344,95.637,4,4.0
282,225000,True,77,0.831,0.69,1,-5.869,1,0.0831,0.19,0.0,0.08,0.65,107.016,4,4.0
283,111458,True,81,0.6,0.885,11,-6.21,0,0.393,0.0157,6.02e-06,0.856,0.736,105.003,4,4.0
284,264324,True,84,0.594,0.811,1,-5.746,1,0.159,0.189,0.0,0.339,0.311,148.144,4,4.0
285,368740,True,75,0.508,0.273,1,-10.625,0,0.0567,0.19,0.00238,0.176,0.0482,108.784,4,4.0
286,279634,False,63,0.596,0.383,1,-11.194,0,0.0324,0.694,0.808,0.0889,0.0506,77.423,4,4.0
287,279634,False,63,0.596,0.383,1,-11.194,0,0.0324,0.694,0.808,0.0889,0.0506,77.423,4,4.0
288,221227,True,79,0.571,0.739,7,-6.11,1,0.247,0.00865,5.21e-06,0.158,0.66,83.089,4,4.0
289,207000,True,80,0.439,0.808,1,-6.881,1,0.346,0.00305,0.0,0.439,0.487,82.962,4,4.0
290,271600,True,85,0.596,0.62,5,-6.133,0,0.039,0.0122,0.0,0.82,0.102,80.029,4,4.0
291,311867,True,85,0.617,0.717,10,-7.858,0,0.153,0.00564,0.0,0.408,0.49,103.992,4,4.0
292,195093,True,77,0.48,0.631,7,-5.488,1,0.116,0.0791,0.000105,0.149,0.515,84.164,4,4.0
293,214467,True,70,0.899,0.586,11,-7.866,0,0.343,0.279,0.0,0.0836,0.492,150.002,4,4.0
294,258789,True,74,0.859,0.563,1,-6.635,0,0.112,0.0541,0.0,0.0685,0.412,119.934,4,4.0
295,197420,True,68,0.906,0.395,1,-11.277,1,0.206,0.0103,0.000195,0.117,0.376,146.056,4,4.0
296,269813,True,64,0.894,0.59,9,-5.716,1,0.221,0.0969,8.9e-06,0.329,0.576,147.009,4,4.0
297,232511,True,0,0.725,0.478,1,-6.605,0,0.107,0.647,2.51e-06,0.151,0.338,74.983,4,4.0
298,191623,True,84,0.507,0.586,0,-8.15,0,0.0586,0.599,0.0544,0.118,0.588,108.164,4,4.0
299,234093,True,86,0.913,0.603,8,-4.892,1,0.226,0.0272,0.000503,0.167,0.497,123.061,4,4.0
300,78681,True,80,0.509,0.542,3,-8.027,0,0.442,0.019,0.00639,0.23,0.151,97.767,4,4.0
301,201856,True,72,0.635,0.793,10,-4.333,0,0.0322,0.000647,0.747,0.113,0.281,77.594,4,4.0
302,176532,True,84,0.87,0.498,9,-8.339,0,0.0622,0.046,0.0,0.146,0.692,110.017,4,4.0
303,181667,False,66,0.499,0.246,9,-12.806,1,0.0325,0.7,0.00227,0.0965,0.152,148.468,3,4.0
304,208680,False,29,0.555,0.535,9,-4.903,0,0.0315,0.165,0.0,0.173,0.272,80.916,3,4.0
305,280960,False,60,0.595,0.607,2,-6.445,1,0.0373,0.204,0.0,0.0847,0.337,148.15,4,4.0
306,287360,True,74,0.509,0.787,7,-6.754,1,0.265,0.359,2.76e-05,0.26,0.507,114.449,4,4.0
307,157486,False,86,0.583,0.676,6,-4.44,1,0.0298,0.0289,0.0634,0.121,0.134,77.002,4,4.0
308,196707,False,60,0.483,0.531,5,-5.14,0,0.0263,0.767,0.0261,0.199,0.67,142.084,4,4.0
309,209912,False,73,0.674,0.468,0,-7.616,1,0.0683,0.182,0.0009,0.0873,0.344,139.69,4,4.0
310,211000,False,75,0.935,0.479,11,-10.981,0,0.306,0.107,5.16e-05,0.118,0.773,123.643,4,4.0
311,172200,False,50,0.485,0.204,0,-14.328,1,0.034,0.777,0.0,0.119,0.485,144.046,3,4.0
312,240800,False,63,0.483,0.275,0,-13.609,1,0.0418,0.232,0.0,0.125,0.31,138.063,3,4.0
313,154533,False,71,0.403,0.284,10,-14.014,1,0.0338,0.798,0.0,0.142,0.686,176.537,3,4.0
314,177040,False,17,0.459,0.229,11,-14.531,0,0.0349,0.994,0.0477,0.136,0.631,89.778,4,4.0
315,170000,False,61,0.821,0.376,0,-13.622,1,0.0487,0.669,1.39e-05,0.106,0.824,119.039,4,4.0
316,277907,False,49,0.587,0.611,6,-7.408,1,0.106,0.114,9.83e-05,0.0765,0.464,114.991,4,4.0
317,315640,False,16,0.662,0.788,11,-5.544,0,0.0635,0.0812,0.141,0.0351,0.929,116.499,4,4.0
318,190547,False,78,0.302,0.4,0,-8.212,0,0.0364,0.719,0.000621,0.172,0.421,180.852,3,4.0
319,164627,False,27,0.864,0.455,2,-10.044,0,0.0494,0.778,0.000508,0.0708,0.609,119.25,4,4.0
320,396683,False,0,0.346,0.299,6,-12.782,1,0.0602,0.397,6.15e-05,0.708,0.0691,149.379,3,4.0
321,284480,False,66,0.416,0.319,0,-12.97,1,0.0299,0.861,0.000554,0.107,0.28,95.307,4,4.0
322,153205,False,70,0.392,0.629,5,-7.056,1,0.0335,0.718,3.76e-06,0.129,0.72,124.511,4,4.0
323,266200,False,81,0.767,0.787,3,-9.897,1,0.0331,0.0163,0.583,0.0513,0.964,126.879,4,4.0
324,275545,False,6,0.494,0.586,5,-12.084,1,0.0312,0.108,0.684,0.131,0.191,126.928,4,4.0
325,332880,False,51,0.402,0.406,5,-15.119,1,0.0652,0.75,0.791,0.114,0.243,109.946,4,4.0
326,174907,False,66,0.44,0.462,9,-9.338,1,0.0382,0.154,0.0,0.0529,0.31,116.033,4,4.0
327,234973,False,81,0.519,0.441,4,-14.178,1,0.0353,0.0204,0.000453,0.076,0.25,81.334,4,4.0
328,2116040,False,46,0.476,0.802,4,-9.021,0,0.0514,0.55,0.835,0.287,0.228,91.483,4,4.0
329,535333,False,61,0.584,0.975,11,-6.534,0,0.0651,0.141,0.501,0.101,0.876,138.341,4,4.0
330,310013,False,55,0.295,0.119,5,-19.872,1,0.0301,0.895,0.886,0.0881,0.102,71.721,1,4.0
331,300773,False,80,0.621,0.901,2,-5.396,1,0.0302,0.17,0.0,0.0875,0.744,113.967,4,4.0
332,191160,False,71,0.212,0.383,10,-10.071,1,0.0347,0.723,0.0,0.299,0.452,173.79,3,4.0
333,356333,False,72,0.167,0.302,6,-11.644,0,0.0345,0.316,0.797,0.11,0.19,102.026,4,4.0
334,1397747,False,46,0.224,0.531,6,-10.422,1,0.0515,0.214,0.63,0.139,0.0642,108.107,4,4.0
335,316640,False,53,0.201,0.718,7,-9.821,1,0.0657,0.395,0.789,0.135,0.159,149.734,4,4.0
336,164566,True,73,0.861,0.46,11,-10.105,1,0.362,0.193,0.0,0.229,0.74,143.008,4,4.0
337,216387,True,83,0.548,0.805,7,-5.732,1,0.351,0.212,0.000389,0.408,0.648,142.094,4,4.0
338,127310,False,0,0.354,0.683,8,-9.873,0,0.0523,0.0456,0.00014,0.254,0.477,165.585,4,4.0
339,280173,True,78,0.82,0.47,8,-7.181,1,0.0458,0.00435,0.0,0.141,0.313,132.003,4,4.0
340,195047,True,85,0.892,0.633,8,-7.471,1,0.0902,0.0467,0.000189,0.139,0.459,137.994,4,4.0
341,123263,True,72,0.719,0.648,3,-7.6,0,0.125,0.2,0.0,0.127,0.66,140.201,4,4.0
342,204600,True,84,0.833,0.434,2,-8.795,1,0.431,0.0102,0.0219,0.165,0.281,150.062,4,4.0
343,160000,True,72,0.548,0.506,4,-7.434,0,0.102,0.203,0.0001,0.0788,0.557,119.987,5,4.0
344,130897,True,59,0.642,0.787,5,-6.389,0,0.17,0.0185,0.0,0.288,0.406,146.733,4,4.0
345,547733,True,90,0.374,0.568,1,-3.825,0,0.109,0.219,0.00219,0.513,0.111,84.733,4,4.0
346,218800,False,52,0.277,0.331,5,-9.292,1,0.0373,0.515,6.26e-05,0.111,0.256,133.233,4,4.0
347,245653,False,75,0.734,0.442,0,-8.432,1,0.0557,0.0594,1.63e-05,0.213,0.0973,117.967,4,4.0
348,271093,False,81,0.332,0.214,4,-12.518,1,0.0349,0.845,5.62e-06,0.0839,0.11,67.531,4,4.0
349,247150,True,75,0.531,0.252,9,-12.765,1,0.028,0.763,0.000133,0.104,0.159,76.054,4,4.0
350,243038,True,67,0.638,0.651,0,-6.585,1,0.269,0.0216,0.0,0.0927,0.114,157.963,4,4.0
351,199693,False,86,0.755,0.837,2,-2.718,0,0.142,0.0991,0.0,0.289,0.714,120.028,4,4.0
352,208733,False,84,0.555,0.662,11,-4.952,0,0.0827,0.125,0.0,0.111,0.356,148.128,4,4.0
353,209269,True,65,0.839,0.81,5,-5.274,0,0.0568,0.501,0.0,0.117,0.814,129.014,4,4.0
354,266733,False,64,0.645,0.42,10,-10.09,1,0.0624,0.555,0.0,0.125,0.583,129.084,4,4.0
355,257180,True,71,0.44,0.274,5,-14.464,0,0.0809,0.0924,3.37e-06,0.128,0.343,76.513,4,4.0
356,178286,True,67,0.813,0.481,1,-6.71,1,0.231,0.217,0.0,0.0931,0.842,140.122,4,4.0
357,230533,False,59,0.538,0.901,0,-5.999,0,0.215,0.542,0.000152,0.101,0.423,84.951,4,4.0
358,213920,False,91,0.559,0.871,5,-5.338,0,0.0397,7.53e-06,0.00545,0.096,0.572,104.97,4,4.0
359,181496,True,18,0.832,0.549,1,-8.259,0,0.0602,0.168,0.0,0.11,0.384,140.045,4,4.0
360,290707,False,76,0.463,0.229,2,-12.592,1,0.0297,0.167,0.0997,0.202,0.135,73.543,4,4.0
361,145800,True,81,0.727,0.739,8,-3.805,1,0.0411,0.365,0.00137,0.161,0.533,93.005,4,4.0
362,193591,True,88,0.847,0.733,10,-6.439,0,0.16,0.00574,1.04e-05,0.151,0.202,130.029,4,4.0
363,210960,False,63,0.646,0.795,9,-3.293,1,0.0976,0.0319,0.0,0.267,0.796,89.99,4,4.0
364,169330,True,50,0.813,0.57,3,-8.409,0,0.265,0.0909,0.0,0.0982,0.676,109.07,4,4.0
365,186027,False,54,0.805,0.54,11,-9.299,0,0.103,0.334,0.0,0.206,0.413,112.754,3,4.0
366,245776,False,52,0.63,0.191,0,-16.063,1,0.0296,0.817,0.00974,0.118,0.264,110.068,4,4.0
367,371413,False,78,0.489,0.758,7,-6.491,1,0.0297,0.000678,0.49,0.092,0.435,112.113,4,4.0
368,131893,False,43,0.672,0.686,7,-8.306,1,0.263,0.466,0.000197,0.265,0.521,83.327,4,4.0
369,231724,False,0,0.537,0.558,11,-8.678,1,0.0929,0.263,0.91,0.102,0.505,131.037,4,4.0
370,204240,False,16,0.228,0.263,3,-10.12,1,0.0275,0.896,0.317,0.103,0.224,83.903,4,4.0
371,167013,True,63,0.678,0.604,0,-5.622,1,0.0376,0.236,0.0,0.163,0.439,122.091,4,4.0
372,208493,False,67,0.752,0.803,11,-4.72,0,0.0337,0.324,2.66e-06,0.203,0.669,123.17,4,4.0
373,253560,False,68,0.512,0.255,0,-15.867,1,0.0291,0.88,0.532,0.146,0.215,115.144,3,4.0
374,408173,False,76,0.398,0.93,11,-6.76,1,0.0615,0.000854,0.121,0.0874,0.725,190.818,4,4.0
375,223253,False,72,0.614,0.663,6,-9.059,0,0.0265,0.00543,5.3e-06,0.199,0.778,116.217,4,4.0
376,235707,False,62,0.624,0.516,2,-7.673,1,0.0227,0.0521,0.255,0.0454,0.631,97.234,4,4.0
377,148053,False,80,0.404,0.43,4,-12.327,1,0.224,0.538,0.0,0.0802,0.641,180.061,4,4.0
378,202347,False,0,0.271,0.714,7,-5.124,1,0.0329,0.392,0.0,0.115,0.239,94.158,3,4.0
379,154424,False,84,0.652,0.631,6,-5.718,0,0.0893,0.524,0.000579,0.165,0.35,127.998,4,4.0
380,269693,True,74,0.546,0.667,1,-5.236,1,0.274,0.0152,0.0,0.0895,0.471,87.666,4,4.0
381,219333,True,84,0.796,0.766,7,-5.974,1,0.238,0.0742,0.0,0.0827,0.558,110.034,4,4.0
382,182145,True,64,0.786,0.493,1,-6.64,0,0.0447,0.0567,6e-06,0.31,0.0616,129.974,4,4.0
383,175238,True,92,0.561,0.965,7,-3.673,0,0.0343,0.00383,7.07e-06,0.371,0.304,128.04,4,4.0
384,155884,True,58,0.759,0.707,8,-5.508,0,0.129,0.419,1.79e-06,0.176,0.16,100.049,4,4.0
385,321560,True,86,0.522,0.728,3,-3.801,0,0.0323,0.00134,0.0,0.132,0.18,124.045,4,4.0
386,179826,True,45,0.83,0.581,6,-7.647,1,0.266,0.161,0.0,0.144,0.305,120.045,4,4.0
387,291720,True,61,0.301,0.686,2,-8.36,1,0.0831,0.442,0.000115,0.121,0.276,79.036,3,4.0
388,214653,False,86,0.933,0.528,5,-6.472,0,0.161,0.112,0.312,0.163,0.754,109.967,4,4.0
389,208400,False,88,0.574,0.913,6,-4.793,0,0.133,0.061,0.00158,0.156,0.423,115.728,4,4.0
390,262200,False,0,0.469,0.938,10,-7.011,1,0.0612,0.000108,0.0015,0.091,0.352,125.144,4,4.0
391,320357,False,80,0.613,0.697,2,-8.618,1,0.133,0.0194,0.0,0.332,0.476,122.746,4,4.0
392,225493,False,74,0.528,0.965,11,-7.984,0,0.0465,0.141,0.985,0.0797,0.587,136.065,4,4.0
393,153800,True,62,0.651,0.829,5,-5.266,0,0.128,0.233,0.00313,0.401,0.246,106.62,4,4.0
394,156651,True,79,0.552,0.582,11,-5.535,1,0.0404,0.0813,0.205,0.177,0.538,105.483,4,4.0
395,199440,False,89,0.866,0.813,11,-4.063,0,0.0554,0.38,0.0,0.0779,0.969,121.998,4,4.0
396,267067,True,63,0.504,0.756,1,-8.318,0,0.185,0.184,0.0,0.252,0.55,115.264,4,4.0
397,311197,True,1,0.643,0.541,2,-5.801,1,0.0426,0.0102,0.0,0.102,0.165,119.499,4,4.0
398,202536,False,74,0.563,0.459,4,-7.781,0,0.0292,0.92,0.724,0.11,0.197,79.983,4,4.0
399,316192,True,64,0.551,0.562,11,-6.862,1,0.163,0.0218,0.0,0.302,0.438,135.872,4,4.0
400,263360,True,62,0.665,0.558,2,-7.863,0,0.303,0.566,4.57e-06,0.219,0.37,89.953,4,4.0
401,336013,True,67,0.541,0.809,8,-4.286,1,0.324,0.708,0.0,0.72,0.753,120.094,4,4.0
402,727107,True,60,0.567,0.525,10,-9.043,0,0.75,0.665,0.0,0.708,0.416,86.935,4,4.0
403,185047,True,42,0.77,0.656,1,-5.541,1,0.274,0.288,0.0,0.202,0.84,148.018,4,4.0
404,264067,False,0,0.36,0.505,7,-9.129,1,0.026,0.0626,9.22e-05,0.172,0.317,74.807,4,4.0
405,170323,True,69,0.744,0.439,1,-11.891,0,0.0632,0.424,0.0,0.104,0.39,124.008,4,4.0
406,220800,False,86,0.663,0.861,7,-3.398,0,0.109,0.0338,0.0,0.082,0.654,119.963,4,4.0
407,205721,True,75,0.518,0.69,9,-6.15,1,0.107,0.128,0.0,0.176,0.59,77.837,4,4.0
408,259493,False,70,0.225,0.0047,1,-30.928,0,0.0509,0.992,0.881,0.0722,0.186,163.665,4,4.0
409,442172,False,64,0.209,0.00299,2,-33.974,1,0.0491,0.992,0.955,0.104,0.039,66.685,3,4.0
410,217867,False,80,0.498,0.59,1,-4.721,0,0.032,0.511,0.0,0.107,0.0784,145.867,4,4.0
411,257267,False,90,0.664,0.705,1,-4.972,0,0.0382,0.0654,0.0,0.118,0.477,122.016,4,4.0
412,197267,False,86,0.628,0.593,8,-5.036,1,0.0323,0.093,1.65e-06,0.096,0.104,125.026,4,4.0
413,285040,False,1,0.559,0.33,9,-8.251,1,0.0285,0.892,0.0,0.0975,0.285,135.109,4,4.0
414,200187,False,82,0.602,0.707,9,-4.097,1,0.302,0.393,0.0,0.165,0.554,75.087,4,4.0
415,231213,False,79,0.555,0.772,1,-5.007,1,0.0523,0.315,0.0,0.105,0.346,86.921,4,4.0
416,257360,False,76,0.867,0.517,11,-13.222,0,0.0875,0.00456,0.000339,0.0864,0.866,133.148,4,4.0
417,221947,False,79,0.562,0.939,0,-4.282,1,0.0475,0.046,0.0,0.112,0.684,116.044,4,4.0
418,425653,False,74,0.386,0.607,10,-7.7,1,0.0261,0.0112,1.38e-05,0.088,0.532,147.207,4,4.0
419,336453,False,81,0.446,0.239,0,-13.945,1,0.0316,0.551,4.1e-06,0.0697,0.298,189.507,4,4.0
420,237147,False,89,0.448,0.665,9,-4.203,1,0.026,0.06,2.55e-05,0.0828,0.304,172.004,4,4.0
421,193573,False,72,0.498,0.634,6,-12.16,0,0.0475,0.328,0.748,0.0962,0.515,93.161,4,4.0
422,177773,False,65,0.653,0.49,0,-10.106,1,0.0408,0.323,4.13e-06,0.0832,0.963,110.202,4,4.0
423,98000,True,58,0.653,0.361,1,-12.677,1,0.217,0.729,0.2,0.106,0.767,76.129,4,4.0
424,257872,True,63,0.63,0.541,9,-9.625,0,0.0692,0.0507,0.0185,0.0659,0.317,84.524,4,4.0
425,231333,False,83,0.62,0.573,0,-11.893,1,0.0423,0.271,0.0,0.0607,0.897,81.548,4,4.0
426,172918,False,33,0.585,0.365,2,-11.933,1,0.106,0.952,0.303,0.143,0.194,123.614,5,4.0
427,184090,True,74,0.626,0.309,1,-10.397,1,0.0433,0.85,1.31e-05,0.117,0.369,117.94,4,4.0
428,324533,True,58,0.555,0.611,10,-9.216,0,0.356,0.286,0.00106,0.273,0.411,94.939,4,4.0
429,214120,True,57,0.451,0.831,5,-8.641,0,0.307,0.0623,0.0,0.185,0.41,176.162,4,4.0
430,443413,True,55,0.652,0.458,1,-12.272,1,0.194,0.0282,0.0,0.664,0.174,100.046,4,4.0
431,248093,True,54,0.342,0.907,1,-4.432,0,0.415,0.0815,0.0,0.383,0.225,170.38,4,4.0
432,352853,True,67,0.759,0.782,11,-6.975,0,0.0741,0.000589,0.0,0.35,0.507,131.04,4,4.0
433,256213,False,60,0.528,0.708,7,-5.879,0,0.207,0.264,0.0,0.305,0.781,97.8,4,4.0
434,129698,False,85,0.414,0.473,11,-8.911,0,0.116,0.663,0.0523,0.128,0.409,100.0,4,4.0
435,297000,False,68,0.458,0.571,4,-6.739,1,0.0949,0.535,0.000305,0.0846,0.586,110.013,4,4.0
436,260173,False,88,0.588,0.521,10,-9.461,1,0.0329,0.0678,0.149,0.123,0.337,85.012,4,4.0
437,203840,True,71,0.921,0.641,1,-6.491,1,0.166,0.0274,0.0,0.0645,0.828,144.986,4,4.0
438,243187,False,73,0.587,0.561,0,-6.569,1,0.146,0.0466,0.0,0.109,0.351,80.009,4,4.0
439,226653,False,78,0.798,0.545,1,-6.466,1,0.168,0.00904,9.48e-05,0.258,0.212,118.029,4,4.0
440,204630,False,60,0.738,0.471,11,-9.208,0,0.402,0.319,1.28e-06,0.13,0.283,107.98,5,4.0
441,242400,False,67,0.595,0.656,7,-7.868,1,0.247,0.148,0.0,0.47,0.416,99.811,4,4.0
442,162108,False,60,0.711,0.428,1,-7.274,0,0.307,0.145,0.0,0.534,0.197,83.036,4,4.0
443,249320,False,82,0.543,0.449,1,-8.065,1,0.0463,0.345,0.0,0.157,0.29,132.609,4,4.0
444,174083,True,85,0.487,0.553,11,-8.938,0,0.645,0.133,0.0,0.115,0.623,80.441,4,4.0
445,295472,True,87,0.815,0.788,1,-7.216,1,0.0884,0.00104,0.0,0.0613,0.336,95.66,4,4.0
446,225000,True,85,0.83,0.69,1,-5.87,1,0.0831,0.188,0.0,0.0795,0.622,107.016,4,4.0
447,111458,True,87,0.594,0.885,4,-6.21,0,0.394,0.0158,6.29e-06,0.856,0.735,105.017,4,4.0
448,264324,True,91,0.596,0.81,1,-5.745,1,0.152,0.192,0.0,0.338,0.29,148.241,4,4.0
449,368740,True,84,0.498,0.275,1,-10.626,0,0.0584,0.188,0.00196,0.168,0.0432,105.303,1,4.0
450,178061,False,65,0.161,0.327,1,-8.059,0,0.0341,0.00632,0.792,0.138,0.0815,135.382,3,4.0
451,297000,False,60,0.7,0.572,4,-6.459,1,0.0515,0.453,0.0,0.0871,0.686,109.985,4,4.0
452,204630,False,54,0.641,0.473,11,-9.068,0,0.422,0.406,2.14e-06,0.13,0.412,82.295,4,4.0
453,156653,False,80,0.477,0.433,11,-6.473,0,0.0247,0.689,0.000195,0.151,0.611,82.52,3,4.0
454,152000,True,71,0.91,0.366,1,-9.954,1,0.0941,0.0996,0.0,0.261,0.74,119.985,4,4.0
455,176591,True,75,0.562,0.579,10,-6.788,0,0.484,0.274,0.0,0.102,0.577,84.143,4,4.0
456,167916,True,79,0.629,0.692,5,-8.045,1,0.0376,0.00981,0.331,0.603,0.453,162.948,4,4.0
457,203493,True,87,0.667,0.747,1,-7.059,1,0.189,0.337,0.0,0.115,0.918,86.917,4,4.0
458,188690,True,72,0.905,0.571,2,-7.979,1,0.357,0.228,0.0,0.113,0.757,144.892,4,3.5
459,125053,True,49,0.615,0.748,0,-5.423,1,0.0374,0.062,0.0,0.567,0.485,95.027,4,3.5
460,268507,False,74,0.744,0.798,7,-5.981,1,0.0364,0.175,0.00367,0.26,0.89,125.061,4,3.5
461,288733,False,79,0.516,0.549,6,-13.741,1,0.0373,0.501,0.00572,0.184,0.907,176.941,4,3.5
462,205733,True,82,0.687,0.793,2,-4.254,1,0.166,0.0603,0.0,0.582,0.751,107.045,4,3.5
463,131067,False,34,0.599,0.761,4,-14.837,1,0.0501,0.146,0.000235,0.4,0.382,123.469,4,3.5
464,246933,True,61,0.636,0.7,1,-3.099,0,0.421,0.341,0.0,0.161,0.924,88.817,4,3.5
465,223507,True,86,0.657,0.734,8,-4.832,0,0.484,0.149,0.0,0.139,0.434,91.03,4,3.5
466,137027,True,64,0.64,0.674,8,-6.442,1,0.237,0.0119,0.0,0.0747,0.459,136.869,4,3.5
467,171372,True,47,0.92,0.664,2,-5.74,1,0.271,0.0276,0.0,0.106,0.498,148.039,4,3.5
468,287040,True,74,0.802,0.463,8,-8.379,1,0.162,0.236,0.00531,0.105,0.291,103.961,4,3.5
469,247080,True,77,0.51,0.272,9,-13.763,0,0.0557,0.303,0.0,0.0958,0.435,143.984,4,3.5
470,211773,True,76,0.472,0.861,4,-3.966,0,0.0447,0.283,0.0,0.83,0.358,144.077,4,3.5
471,178407,True,77,0.803,0.738,0,-4.946,1,0.294,0.528,0.0,0.112,0.323,139.948,4,3.5
472,193987,True,0,0.895,0.543,11,-6.766,0,0.298,0.181,0.0,0.12,0.555,120.078,4,3.5
473,166818,True,67,0.779,0.726,8,-6.94,1,0.0317,0.0489,0.0,0.656,0.451,98.016,4,3.5
474,220587,True,85,0.773,0.75,8,-4.009,0,0.117,0.109,0.0,0.174,0.783,123.426,4,3.5
475,156863,True,72,0.511,0.963,11,-6.528,0,0.0895,0.00332,0.000544,0.199,0.488,153.047,4,3.5
476,276987,True,73,0.705,0.681,1,-4.256,0,0.192,0.0534,0.0,0.141,0.485,146.118,4,3.5
477,209577,True,80,0.774,0.818,4,-2.825,0,0.145,0.127,0.0,0.0529,0.438,142.084,4,3.5
478,222982,True,73,0.55,0.513,11,-6.567,0,0.0345,0.0612,0.0,0.178,0.229,87.741,4,3.5
479,185111,True,73,0.463,0.453,9,-9.572,1,0.16,0.407,1.78e-06,0.207,0.334,148.741,4,3.5
480,195118,True,76,0.789,0.688,10,-6.996,0,0.223,0.108,0.0,0.295,0.445,120.162,4,3.5
481,638427,False,56,0.49,0.536,7,-10.83,1,0.0382,0.0391,0.371,0.116,0.732,118.008,4,3.5
482,325507,True,80,0.763,0.786,10,-6.472,0,0.229,0.0146,0.0114,0.0817,0.504,93.857,4,3.5
483,251947,False,63,0.399,0.866,6,-9.72,1,0.0558,3.43e-05,0.738,0.0785,0.125,128.864,4,3.5
484,216533,False,77,0.534,0.392,9,-7.636,0,0.0267,0.649,0.000227,0.0948,0.163,90.379,4,3.5
485,298400,False,68,0.202,0.804,7,-5.465,1,0.0383,6.97e-05,0.00775,0.081,0.418,179.911,4,3.5
486,369600,False,72,0.482,0.721,0,-6.839,1,0.0321,0.731,0.0,0.189,0.557,95.263,4,3.5
487,262840,False,53,0.518,0.912,7,-7.275,1,0.0573,0.226,0.0,0.726,0.504,102.778,4,3.5
488,328827,True,65,0.553,0.852,10,-4.08,0,0.305,0.00713,0.0,0.463,0.27,176.058,4,3.5
489,285907,False,77,0.33,0.532,2,-11.764,1,0.0263,0.00101,0.709,0.101,0.218,93.512,4,3.5
490,314867,False,52,0.52,0.458,9,-8.234,1,0.0297,0.509,8.04e-06,0.086,0.169,131.968,4,3.5
491,206000,False,51,0.153,0.783,10,-6.042,1,0.0457,0.000368,0.0111,0.227,0.295,171.397,4,3.5
492,510573,False,64,0.41,0.761,4,-9.453,0,0.0687,0.0685,0.00772,0.0758,0.392,132.923,4,3.5
493,202560,True,52,0.784,0.539,7,-8.938,0,0.274,0.0818,0.0,0.106,0.576,149.059,4,3.5
494,209565,True,50,0.609,0.711,10,-4.764,0,0.163,0.169,0.0,0.267,0.439,137.82,4,3.5
495,192362,True,55,0.661,0.601,11,-7.182,0,0.316,0.236,0.0,0.297,0.553,145.249,4,3.5
496,248965,False,60,0.365,0.273,4,-16.526,0,0.038,0.94,0.431,0.109,0.238,132.285,5,3.5
497,210200,False,86,0.553,0.502,0,-5.972,1,0.0409,0.299,0.0,0.764,0.296,129.976,4,3.5
498,188810,True,60,0.731,0.62,4,-5.447,0,0.438,0.254,0.0,0.128,0.141,145.004,4,3.5
499,182438,True,69,0.659,0.662,5,-5.768,1,0.434,0.211,0.0,0.228,0.704,109.957,4,3.5
500,214400,False,84,0.743,0.675,8,-4.267,0,0.0953,0.0251,0.000717,0.0685,0.59,92.909,4,3.5
501,231964,True,71,0.741,0.645,11,-5.116,0,0.0963,0.192,0.0,0.163,0.488,149.07,4,3.5
502,188600,True,66,0.824,0.584,10,-7.098,0,0.221,0.0718,0.0,0.106,0.219,139.965,4,3.5
503,193702,False,79,0.633,0.793,5,-6.847,0,0.182,0.148,0.0,0.867,0.761,109.093,4,3.5
504,185857,True,71,0.669,0.773,0,-5.619,1,0.153,0.038,0.0,0.113,0.377,93.923,4,3.5
505,307750,False,77,0.319,0.391,2,-9.758,1,0.0298,0.649,0.296,0.279,0.251,61.921,4,3.5
506,149297,True,72,0.631,0.239,11,-7.071,0,0.0398,0.864,0.0,0.116,0.0927,79.859,4,3.5
507,326947,True,68,0.497,0.322,8,-10.358,1,0.0333,0.0194,7.72e-06,0.115,0.04,106.976,4,3.5
508,252256,True,74,0.711,0.739,7,-3.804,0,0.129,0.114,0.0,0.226,0.43,136.919,4,3.5
509,161507,True,84,0.922,0.909,10,-2.429,0,0.27,0.0281,0.0,0.0856,0.309,95.295,4,3.5
510,162560,False,75,0.586,0.744,4,-10.142,1,0.0508,0.00614,0.000172,0.372,0.523,117.006,4,3.5
511,237187,False,44,0.773,0.594,1,-7.475,0,0.0303,0.0981,9.45e-05,0.0727,0.897,124.135,4,3.5
512,112707,False,82,0.241,0.468,2,-9.579,1,0.0272,0.534,0.0,0.161,0.451,91.581,3,3.5
513,305600,False,60,0.132,0.435,2,-9.381,0,0.0291,0.0249,0.00598,0.111,0.0679,201.493,3,3.5
514,177627,False,54,0.638,0.467,7,-7.362,1,0.0239,0.229,0.0,0.31,0.42,96.034,4,3.5
515,173333,False,55,0.57,0.301,0,-16.159,1,0.0341,0.679,8.23e-05,0.0473,0.808,121.694,4,3.5
516,300973,True,70,0.752,0.489,1,-5.233,1,0.137,0.11,3.57e-06,0.202,0.373,108.005,4,3.5
517,234693,True,77,0.884,0.657,6,-4.569,0,0.0977,0.00589,0.0,0.154,0.489,107.059,4,3.5
518,283120,True,62,0.615,0.743,1,-4.58,1,0.325,0.254,0.0,0.665,0.515,111.914,5,3.5
519,192011,True,70,0.889,0.489,10,-8.587,0,0.108,0.0209,1.78e-05,0.0814,0.843,93.039,4,3.5
520,200560,False,0,0.73,0.862,11,-5.876,1,0.0313,0.0398,0.0,0.0818,0.77,104.018,4,3.5
521,331200,False,76,0.365,0.513,7,-13.034,0,0.0357,0.0208,0.000147,0.205,0.739,80.647,4,3.5
522,292520,True,64,0.731,0.661,6,-6.562,0,0.376,0.145,0.0,0.12,0.369,87.912,4,3.5
523,241680,True,63,0.443,0.635,11,-5.404,0,0.223,0.455,2.07e-05,0.285,0.672,93.742,4,3.5
524,181812,True,84,0.791,0.582,11,-7.323,0,0.286,0.0114,0.0,0.35,0.443,162.991,4,3.5
525,239360,True,87,0.561,0.52,11,-9.342,0,0.244,0.0503,1.86e-06,0.355,0.424,153.15,3,3.5
526,273493,False,57,0.261,0.279,6,-13.137,0,0.0462,0.975,0.838,0.156,0.0619,87.478,3,3.5
527,211467,False,90,0.358,0.557,10,-7.398,1,0.059,0.695,0.0,0.0902,0.494,85.043,4,3.5
528,211760,False,73,0.654,0.798,0,-4.084,1,0.0451,0.188,0.0,0.15,0.574,92.207,4,3.5
529,223067,False,56,0.586,0.651,0,-10.16,1,0.048,0.144,0.0,0.489,0.901,81.397,4,3.5
530,260111,True,92,0.663,0.67,8,-8.399,1,0.271,0.0464,8.92e-05,0.205,0.138,136.952,4,3.5
531,144390,True,88,0.722,0.785,7,-5.451,0,0.0763,0.0942,0.0,0.119,0.529,122.986,4,3.5
532,222707,False,86,0.541,0.96,0,-2.947,0,0.0505,0.0663,2.25e-06,0.344,0.812,122.803,4,3.5
533,273640,True,54,0.503,0.508,10,-11.094,0,0.52,0.486,0.0102,0.124,0.317,81.908,4,3.5
534,313787,True,68,0.716,0.485,1,-7.745,1,0.404,0.123,2.69e-05,0.604,0.26,74.132,4,3.5
535,279147,True,51,0.593,0.731,1,-5.21,1,0.149,0.108,1.52e-06,0.103,0.61,160.084,4,3.5
536,278587,True,52,0.636,0.788,1,-5.766,1,0.252,0.0513,0.0,0.204,0.143,133.722,4,3.5
537,228787,True,85,0.666,0.542,8,-6.429,1,0.0392,0.27,0.0,0.0765,0.0771,120.134,4,3.5
538,195170,False,60,0.459,0.431,9,-8.375,0,0.256,0.795,0.0,0.274,0.128,177.3,4,3.5
539,198614,False,61,0.792,0.548,4,-7.079,1,0.082,0.0784,7.26e-05,0.167,0.197,110.105,4,3.5
540,145301,False,64,0.764,0.422,0,-7.265,0,0.119,0.0409,0.0,0.152,0.268,82.986,4,3.5
541,538537,False,60,0.477,0.713,1,-6.805,1,0.126,0.0984,0.00844,0.0879,0.113,106.137,5,3.5
542,244667,False,81,0.575,0.886,5,-5.182,1,0.034,0.0647,0.000187,0.709,0.609,96.31,4,3.5
543,195118,True,85,0.79,0.691,10,-6.992,0,0.221,0.11,0.0,0.296,0.436,120.162,4,3.5
544,185111,True,85,0.47,0.454,9,-9.567,1,0.135,0.417,1.74e-06,0.207,0.34,148.383,4,3.5
545,222982,True,83,0.538,0.514,11,-6.568,0,0.0348,0.0631,0.0,0.172,0.248,87.719,4,3.5
546,209577,True,88,0.775,0.817,4,-2.825,0,0.147,0.132,0.0,0.053,0.463,142.092,4,3.5
547,276987,True,83,0.703,0.683,1,-4.256,0,0.209,0.053,0.0,0.141,0.475,146.07,4,3.5
548,156863,True,81,0.508,0.963,11,-6.508,0,0.0873,0.0032,0.000545,0.199,0.48,153.082,4,3.5
549,180480,True,44,0.569,0.383,4,-11.417,0,0.263,0.157,0.000803,0.263,0.226,85.954,3,3.5
550,215907,False,85,0.595,0.717,0,-4.803,1,0.0295,0.0779,0.00274,0.108,0.547,88.969,4,3.5
551,245723,False,63,0.747,0.716,11,-5.071,0,0.0798,0.26,0.0,0.0907,0.487,123.979,4,3.5
552,186519,True,0,0.842,0.488,4,-6.706,0,0.0661,0.3,0.0,0.123,0.329,119.98,3,3.5
553,116213,False,68,0.804,0.609,0,-7.848,1,0.0633,0.68,0.00253,0.261,0.713,133.043,4,3.5
554,152747,True,52,0.933,0.723,11,-6.708,0,0.325,0.118,0.0,0.119,0.726,137.951,4,3.5
555,182857,True,67,0.918,0.69,11,-4.4,1,0.229,0.0651,0.0,0.104,0.816,146.982,4,3.5
556,203438,True,76,0.817,0.513,10,-6.263,0,0.394,0.38,0.0,0.109,0.177,123.029,4,3.5
557,135067,True,71,0.499,0.728,8,-4.922,0,0.385,0.235,0.0,0.686,0.853,96.089,4,3.5
